insert into `DATA_SET` (`ID`, `CODE`, `NAME`, `TYPE`, `_SQL`, `PINYIN`) values('1','SHOP_TYPE_VIEW','商店类型视图','com.fpi.bear.dataset.spi.basic.SQLDataSet','SELECT ID, NAME FROM ZRH_SHOP_TYPE','sdlxst');
insert into `DATA_SET` (`ID`, `CODE`, `NAME`, `TYPE`, `_SQL`, `PINYIN`) values('2','SHOP_VIEW','商店视图','com.fpi.bear.dataset.spi.basic.SQLDataSet','SELECT S.ID, S.NAME, T.NAME SHOP_TYPE_NAME, S.ADDRESS, S.CONTACT_NUMBER, S.AGENT_ID FROM ZRH_SHOP S LEFT JOIN ZRH_SHOP_TYPE T ON S.SHOP_TYPE_ID = T.ID','sdst');
insert into `DATA_SET` (`ID`, `CODE`, `NAME`, `TYPE`, `_SQL`, `PINYIN`) values('3','AGENT_ORDER_MANGER_LIST_VIEW','代理商订单管理列表视图','com.fpi.bear.dataset.spi.basic.SQLDataSet','SELECT O.ID, O.SERIAL_NUMBER, O.DELIVERY_ADDRESS,O.AGENT_ID, S.NAME SHOP_NAME,S.ID SHOP_ID, O.SUBMIT_TIME,O.COMPLETE_TIME,O.BUYER_PHONE ,O.STATUS ,O.BUYER_NAME,S.CONTACT_NUMBER FROM ZRH_ORDER O LEFT JOIN ZRH_SHOP S ON O.SHOP_ID = S.ID ORDER BY O.SUBMIT_TIME DESC','dlsddgllbst');

insert into `COMPONENT` (`ID`, `NAME`, `CODE`, `FUNCCLASS`, `PARAMS`, `DESCRIPTION`, `CONFIGCLASS`, `PINYIN`) values('10001','商家类型管理列表配置','shop_type_manager_grid_config','bear.module.datasource.InfoManagerGridPanel','{\"dataSetConfig\":{\"dataSetContextLocation\":\"tableContext\",\"dataSetCode\":\"ZRH_SHOP_TYPE\",\"nodeTypeCode\":\"ZRH_SHOP_TYPE\",\"pageSize\":\"25\",\"advancedConfig\":\"\",\"requireControls\":\"\",\"dataSetContext\":{\"code\":\"ZRH_SHOP_TYPE\"}},\"gridPanelConfig\":{\"advancedConfig\":\"\",\"formClass\":\"form.herod.order.ShopTypeForm\",\"addable\":true,\"deletable\":true,\"deletselectedable\":true,\"updatable\":true,\"checkboxable\":true,\"columns\":[{\"header\":\"ID\",\"dataIndex\":\"ID\",\"xtype\":null,\"format\":null,\"hidden\":true,\"advancedConfig\":\"\",\"width\":\"\"},{\"header\":\"\\u540d\\u79f0\",\"dataIndex\":\"NAME\",\"xtype\":null,\"format\":null,\"hidden\":false,\"advancedConfig\":\"\",\"width\":\"\"}],\"toolbarItems\":[],\"operationItems\":[]},\"searchPanelConfig\":{\"columnCount\":5,\"advancedConfig\":\"\",\"items\":[{\"fieldLabel\":\"\\u5546\\u5e97\\u7c7b\\u578b\\u540d\\u79f0\",\"name\":\"NAME\",\"op\":\"like\",\"format\":null,\"xtype\":\"textfield\",\"colspan\":1,\"advancedConfig\":\"\",\"type\":\"string\"}]}}','',NULL,NULL);
insert into `COMPONENT` (`ID`, `NAME`, `CODE`, `FUNCCLASS`, `PARAMS`, `DESCRIPTION`, `CONFIGCLASS`, `PINYIN`) values('10002','代理商管理列表配置','agent_manger_grid_config','bear.module.datasource.InfoManagerGridPanel','{\"dataSetConfig\":{\"dataSetContextLocation\":\"tableContext\",\"dataSetCode\":\"ZRH_AGENT\",\"nodeTypeCode\":\"ZRH_AGENT\",\"pageSize\":\"25\",\"advancedConfig\":\"\",\"requireControls\":\"\",\"dataSetContext\":{\"code\":\"ZRH_AGENT\"}},\"gridPanelConfig\":{\"advancedConfig\":\"\",\"formClass\":\"form.herod.order.AgentForm\",\"addable\":true,\"deletable\":true,\"deletselectedable\":true,\"updatable\":true,\"checkboxable\":true,\"columns\":[{\"header\":\"ID\",\"dataIndex\":\"ID\",\"xtype\":null,\"format\":null,\"hidden\":true,\"advancedConfig\":\"\",\"width\":\"\"},{\"header\":\"\\u540d\\u79f0\",\"dataIndex\":\"NAME\",\"xtype\":null,\"format\":null,\"hidden\":false,\"advancedConfig\":\"\",\"width\":\"\"},{\"header\":\"\\u8054\\u7cfb\\u4eba\",\"dataIndex\":\"LINKMAN\",\"xtype\":null,\"format\":null,\"hidden\":\"\",\"advancedConfig\":\"\",\"width\":\"\"},{\"header\":\"\\u8054\\u7cfb\\u7535\\u8bdd\",\"dataIndex\":\"CONTACT_NUMBER\",\"xtype\":null,\"format\":null,\"hidden\":\"\",\"advancedConfig\":\"\",\"width\":\"\"},{\"header\":\"\\u7ba1\\u7406\\u5458\\u8d26\\u53f7\",\"dataIndex\":\"ADMIN_ACCOUNT\",\"xtype\":null,\"format\":null,\"hidden\":\"\",\"advancedConfig\":\"\",\"width\":\"\"}],\"toolbarItems\":[],\"operationItems\":[]},\"searchPanelConfig\":{\"columnCount\":5,\"advancedConfig\":\"\",\"items\":[{\"fieldLabel\":\"\\u540d\\u79f0\",\"name\":\"NAME\",\"op\":\"like\",\"format\":null,\"xtype\":\"textfield\",\"colspan\":1,\"advancedConfig\":\"\",\"type\":\"string\"}]}}','',NULL,NULL);
insert into `COMPONENT` (`ID`, `NAME`, `CODE`, `FUNCCLASS`, `PARAMS`, `DESCRIPTION`, `CONFIGCLASS`, `PINYIN`) values('10003','商家管理列表配置','shop_manger_grid_config','bear.module.datasource.InfoManagerGridPanel','{\"dataSetConfig\":{\"dataSetContextLocation\":\"basicDataSetContext\",\"dataSetCode\":\"SHOP_VIEW\",\"nodeTypeCode\":\"ZRH_SHOP\",\"pageSize\":\"25\",\"advancedConfig\":\"\",\"requireControls\":\"\",\"dataSetContext\":{\"code\":\"SHOP_VIEW\"}},\"gridPanelConfig\":{\"advancedConfig\":\"\",\"formClass\":\"form.herod.order.ShopForm\",\"addable\":true,\"deletable\":true,\"deletselectedable\":true,\"updatable\":true,\"checkboxable\":true,\"columns\":[{\"header\":\"ID\",\"dataIndex\":\"ID\",\"xtype\":null,\"format\":null,\"hidden\":true,\"advancedConfig\":\"\",\"width\":\"\"},{\"header\":\"\\u540d\\u79f0\",\"dataIndex\":\"NAME\",\"xtype\":null,\"format\":null,\"hidden\":false,\"advancedConfig\":\"{flex:1}\",\"width\":\"\"},{\"header\":\"\\u5546\\u5e97\\u7c7b\\u578b\",\"dataIndex\":\"SHOP_TYPE_NAME\",\"xtype\":null,\"format\":\"\",\"hidden\":\"\",\"advancedConfig\":\"{flex:1}\",\"width\":null},{\"header\":\"\\u5730\\u5740\",\"dataIndex\":\"ADDRESS\",\"xtype\":null,\"format\":\"\",\"hidden\":\"\",\"advancedConfig\":\"{flex:1}\",\"width\":\"\"},{\"header\":\"\\u8054\\u7cfb\\u7535\\u8bdd\",\"dataIndex\":\"CONTACT_NUMBER\",\"xtype\":null,\"format\":null,\"hidden\":\"\",\"advancedConfig\":\"{flex:1}\",\"width\":\"\"}],\"toolbarItems\":[],\"operationItems\":[]},\"searchPanelConfig\":{\"columnCount\":5,\"advancedConfig\":\"\",\"items\":[{\"fieldLabel\":\"\\u5546\\u5e97\\u540d\\u79f0\",\"name\":\"NAME\",\"op\":\"like\",\"format\":null,\"xtype\":\"textfield\",\"colspan\":1,\"advancedConfig\":\"\",\"type\":\"string\"}]}}','',NULL,NULL);
insert into `COMPONENT` (`ID`, `NAME`, `CODE`, `FUNCCLASS`, `PARAMS`, `DESCRIPTION`, `CONFIGCLASS`, `PINYIN`) values('10004','配送员管理列表配置','delivery_worker_grid_config','bear.module.datasource.InfoManagerGridPanel','{\"dataSetConfig\":{\"dataSetContextLocation\":\"tableContext\",\"dataSetCode\":\"ZRH_AGENT_DELIVERY_WORKER\",\"nodeTypeCode\":\"ZRH_AGENT_DELIVERY_WORKER\",\"pageSize\":\"30\",\"advancedConfig\":\"\",\"requireControls\":\"\",\"dataSetContext\":{\"code\":\"ZRH_AGENT_DELIVERY_WORKER\"}},\"gridPanelConfig\":{\"advancedConfig\":\"\",\"formClass\":\"form.herod.order.DeliveryWorkerForm\",\"addable\":true,\"deletable\":true,\"deletselectedable\":true,\"updatable\":true,\"checkboxable\":true,\"columns\":[{\"header\":\"ID\",\"dataIndex\":\"ID\",\"xtype\":null,\"format\":null,\"hidden\":true,\"advancedConfig\":\"\",\"width\":\"\"},{\"header\":\"\\u59d3\\u540d\",\"dataIndex\":\"NAME\",\"xtype\":null,\"format\":null,\"hidden\":false,\"advancedConfig\":\"\",\"width\":\"\"},{\"header\":\"\\u7535\\u8bdd\\u53f7\\u7801\",\"dataIndex\":\"PHONE\",\"xtype\":null,\"format\":null,\"hidden\":\"\",\"advancedConfig\":\"\",\"width\":\"\"},{\"header\":\"\\u72b6\\u6001\",\"dataIndex\":\"FLAG\",\"xtype\":null,\"format\":null,\"hidden\":\"\",\"advancedConfig\":\"{\\nrenderer: function(value) {\\n            return value == 1 ? \'\\u5728\\u804c\' : \'\\u79bb\\u804c\';\\n        }\\n}\",\"width\":\"\"}],\"toolbarItems\":[],\"operationItems\":[]},\"searchPanelConfig\":{\"columnCount\":5,\"advancedConfig\":\"\",\"items\":[{\"fieldLabel\":\"\\u59d3\\u540d\",\"name\":\"NAME\",\"op\":\"like\",\"format\":null,\"xtype\":\"textfield\",\"colspan\":1,\"advancedConfig\":\"\",\"type\":\"string\"},{\"fieldLabel\":\"\\u7535\\u8bdd\\u53f7\\u7801\",\"name\":\"PHONE\",\"op\":\"=\",\"format\":null,\"xtype\":\"textfield\",\"colspan\":1,\"advancedConfig\":\"\",\"type\":\"string\"}]}}','',NULL,NULL);
insert into `COMPONENT` (`ID`, `NAME`, `CODE`, `FUNCCLASS`, `PARAMS`, `DESCRIPTION`, `CONFIGCLASS`, `PINYIN`) values('10005','商家管理列表配置','shop_manger_grid_config_2','grid.herod.order.ShopInfoManagerGridPanel','{\"dataSetConfig\":{\"dataSetContextLocation\":\"basicDataSetContext\",\"dataSetCode\":\"SHOP_VIEW\",\"nodeTypeCode\":\"ZRH_SHOP\",\"pageSize\":\"25\",\"advancedConfig\":\"\",\"requireControls\":\"\",\"dataSetContext\":{\"code\":\"SHOP_VIEW\"}},\"gridPanelConfig\":{\"advancedConfig\":\"\",\"formClass\":\"form.herod.order.ShopForm\",\"addable\":true,\"deletable\":true,\"deletselectedable\":true,\"updatable\":true,\"checkboxable\":true,\"columns\":[{\"header\":\"ID\",\"dataIndex\":\"ID\",\"xtype\":null,\"format\":null,\"hidden\":true,\"advancedConfig\":\"\",\"width\":\"\"},{\"header\":\"\\u540d\\u79f0\",\"dataIndex\":\"NAME\",\"xtype\":null,\"format\":\"\",\"hidden\":false,\"advancedConfig\":\"{flex:1}\",\"width\":\"\"},{\"header\":\"\\u5546\\u5e97\\u7c7b\\u578b\",\"dataIndex\":\"SHOP_TYPE_NAME\",\"xtype\":null,\"format\":\"\",\"hidden\":\"\",\"advancedConfig\":\"{flex:1}\",\"width\":\"\"},{\"header\":\"\\u5546\\u5e97\\u5730\\u5740\",\"dataIndex\":\"ADDRESS\",\"xtype\":null,\"format\":null,\"hidden\":\"\",\"advancedConfig\":\"{flex:1}\",\"width\":\"\"},{\"header\":\"\\u8054\\u7cfb\\u7535\\u8bdd\",\"dataIndex\":\"CONTACT_NUMBER\",\"xtype\":null,\"format\":null,\"hidden\":\"\",\"advancedConfig\":\"{flex:1}\",\"width\":\"\"}],\"toolbarItems\":[],\"operationItems\":[]},\"searchPanelConfig\":{\"columnCount\":5,\"advancedConfig\":\"\",\"items\":[{\"fieldLabel\":\"\\u5546\\u5e97\\u540d\\u79f0\",\"propertyName\":\"\",\"op\":\"like\",\"xtype\":\"textfield\",\"type\":\"string\",\"format\":null,\"colspan\":1,\"name\":\"NAME\",\"advancedConfig\":\"\"}]}}','',NULL,NULL);
insert into `COMPONENT` (`ID`, `NAME`, `CODE`, `FUNCCLASS`, `PARAMS`, `DESCRIPTION`, `CONFIGCLASS`, `PINYIN`) values('10006','商品管理列表配置','goods_grid_config','bear.module.datasource.InfoManagerGridPanel','{\"dataSetConfig\":{\"dataSetContextLocation\":\"tableContext\",\"dataSetCode\":\"ZRH_GOODS\",\"nodeTypeCode\":\"ZRH_GOODS\",\"pageSize\":\"20\",\"advancedConfig\":\"\",\"requireControls\":\"\",\"dataSetContext\":{\"code\":\"ZRH_GOODS\"}},\"gridPanelConfig\":{\"advancedConfig\":\"\",\"formClass\":null,\"addable\":true,\"deletable\":true,\"deletselectedable\":true,\"updatable\":true,\"checkboxable\":true,\"columns\":[{\"header\":\"ID\",\"dataIndex\":\"ID\",\"xtype\":null,\"format\":null,\"hidden\":true,\"advancedConfig\":\"\",\"width\":\"\"},{\"header\":\"\\u540d\\u79f0\",\"dataIndex\":\"NAME\",\"xtype\":null,\"format\":null,\"hidden\":false,\"advancedConfig\":\"\",\"width\":\"\"},{\"header\":\"\\u7f16\\u7801\",\"dataIndex\":\"CODE\",\"xtype\":null,\"format\":null,\"hidden\":\"\",\"advancedConfig\":\"\",\"width\":\"\"},{\"header\":\"\\u4f9b\\u5e94\\u4ef7\\u683c\",\"dataIndex\":\"SUPPLY_PRICE\",\"xtype\":null,\"format\":null,\"hidden\":\"\",\"advancedConfig\":\"\",\"width\":\"\"},{\"header\":\"\\u552e\\u4ef7\",\"dataIndex\":\"SELLING_PRICE\",\"xtype\":null,\"format\":null,\"hidden\":\"\",\"advancedConfig\":\"\",\"width\":\"\"},{\"header\":\"\\u8ba1\\u91cf\\u5355\\u4f4d\",\"dataIndex\":\"UNIT\",\"xtype\":null,\"format\":null,\"hidden\":\"\",\"advancedConfig\":\"\",\"width\":\"\"}],\"toolbarItems\":[],\"operationItems\":[]},\"searchPanelConfig\":{\"columnCount\":5,\"advancedConfig\":\"\",\"items\":[{\"fieldLabel\":\"\\u540d\\u79f0\",\"propertyName\":\"\",\"op\":\"like\",\"xtype\":\"textfield\",\"type\":\"string\",\"format\":null,\"colspan\":1,\"name\":\"NAME\",\"advancedConfig\":\"\"},{\"fieldLabel\":\"\\u7f16\\u7801\",\"propertyName\":\"\",\"op\":\"like\",\"xtype\":\"textfield\",\"type\":\"string\",\"format\":null,\"colspan\":1,\"name\":\"CODE\",\"advancedConfig\":\"\"}]}}','',NULL,NULL);
insert into `COMPONENT` (`ID`, `NAME`, `CODE`, `FUNCCLASS`, `PARAMS`, `DESCRIPTION`, `CONFIGCLASS`, `PINYIN`) values('10007','商品分类列表配置','goods_category_grid_config','bear.module.datasource.InfoManagerGridPanel','{\"dataSetConfig\":{\"dataSetContextLocation\":\"tableContext\",\"dataSetCode\":\"ZRH_GOODS_CATEGORY\",\"nodeTypeCode\":\"ZRH_GOODS_CATEGORY\",\"pageSize\":\"20\",\"advancedConfig\":\"\",\"requireControls\":\"\",\"dataSetContext\":{\"code\":\"ZRH_GOODS_CATEGORY\"}},\"gridPanelConfig\":{\"advancedConfig\":\"\",\"formClass\":null,\"addable\":true,\"deletable\":true,\"deletselectedable\":true,\"updatable\":true,\"checkboxable\":true,\"columns\":[{\"header\":\"ID\",\"dataIndex\":\"ID\",\"xtype\":null,\"format\":null,\"hidden\":true,\"advancedConfig\":\"\",\"width\":\"\"},{\"header\":\"\\u540d\\u79f0\",\"dataIndex\":\"NAME\",\"xtype\":null,\"format\":null,\"hidden\":false,\"advancedConfig\":\"\",\"width\":\"\"}],\"toolbarItems\":[],\"operationItems\":[]},\"searchPanelConfig\":{\"columnCount\":5,\"advancedConfig\":\"\",\"items\":[]}}','',NULL,NULL);
insert into `COMPONENT` (`ID`, `NAME`, `CODE`, `FUNCCLASS`, `PARAMS`, `DESCRIPTION`, `CONFIGCLASS`, `PINYIN`) values('10008','代理商订单管理列表配置','agent_order_manager_grid_config','bear.module.datasource.InfoManagerGridPanel','{\"dataSetConfig\":{\"dataSetContextLocation\":\"basicDataSetContext\",\"dataSetCode\":\"AGENT_ORDER_MANGER_LIST_VIEW\",\"nodeTypeCode\":\"AGENT_ORDER_MANGER_LIST_VIEW\",\"pageSize\":\"20\",\"advancedConfig\":\"\",\"requireControls\":\"\",\"dataSetContext\":{\"code\":\"AGENT_ORDER_MANGER_LIST_VIEW\"}},\"gridPanelConfig\":{\"advancedConfig\":\"\",\"formClass\":\"form.herod.order.OrderForm\",\"addable\":false,\"deletable\":false,\"deletselectedable\":false,\"updatable\":true,\"checkboxable\":false,\"columns\":[{\"header\":\"ID\",\"dataIndex\":\"ID\",\"xtype\":null,\"format\":null,\"hidden\":true,\"advancedConfig\":\"\",\"width\":\"\"},{\"header\":\"\\u6d41\\u6c34\\u53f7\",\"dataIndex\":\"SERIAL_NUMBER\",\"xtype\":null,\"format\":null,\"hidden\":false,\"advancedConfig\":\"{\\nwidth:150\\n}\",\"width\":\"\"},{\"header\":\"\\u8ba2\\u5355\\u72b6\\u6001\",\"dataIndex\":\"STATUS\",\"xtype\":\"orderstatuscolumn\",\"format\":\"\",\"hidden\":\"\",\"advancedConfig\":\"{\\nwidth:80\\n}\",\"width\":\"\"},{\"header\":\"\\u5546\\u5e97\",\"dataIndex\":\"SHOP_NAME\",\"xtype\":null,\"format\":null,\"hidden\":\"\",\"advancedConfig\":\"{flex : 1}\",\"width\":\"\"},{\"header\":\"\\u5546\\u5e97\\u8054\\u7cfb\\u7535\\u8bdd\",\"dataIndex\":\"CONTACT_NUMBER\",\"xtype\":null,\"format\":null,\"hidden\":\"\",\"advancedConfig\":\"{flex : 1}\",\"width\":\"\"},{\"header\":\"\\u4e70\\u5bb6\\u9001\\u8d27\\u5730\\u5740\",\"dataIndex\":\"DELIVERY_ADDRESS\",\"xtype\":null,\"format\":\"\",\"hidden\":\"\",\"advancedConfig\":\"{flex : 1}\",\"width\":\"\"},{\"header\":\"\\u4e70\\u5bb6\\u8054\\u7cfb\\u7535\\u8bdd\",\"dataIndex\":\"BUYER_PHONE\",\"xtype\":null,\"format\":\"\",\"hidden\":\"\",\"advancedConfig\":\"{flex : 1}\",\"width\":\"\"},{\"header\":\"\\u4e0b\\u5355\\u65f6\\u95f4\",\"dataIndex\":\"SUBMIT_TIME\",\"xtype\":\"datecolumn\",\"format\":\"Y-m-d H:i\",\"hidden\":false,\"advancedConfig\":\"{\\nwidth:150\\n}\",\"width\":null}],\"toolbarItems\":[],\"operationItems\":[]},\"searchPanelConfig\":{\"columnCount\":4,\"advancedConfig\":\"\",\"items\":[{\"fieldLabel\":\"\\u6d41\\u6c34\\u53f7\",\"name\":\"SERIAL_NUMBER\",\"op\":\"like\",\"format\":null,\"xtype\":\"textfield\",\"colspan\":1,\"advancedConfig\":\"\",\"type\":\"string\"},{\"fieldLabel\":\"\\u8ba2\\u5355\\u72b6\\u6001\",\"name\":\"STATUS\",\"op\":\"=\",\"format\":null,\"xtype\":\"orderstatuscombobox\",\"colspan\":1,\"advancedConfig\":\"\",\"type\":\"string\"},{\"fieldLabel\":\"\\u63d0\\u4ea4\\u65f6\\u95f4\",\"name\":\"SUBMIT_TIME\",\"op\":\">=\",\"format\":null,\"xtype\":\"datetimefield\",\"colspan\":1,\"advancedConfig\":\"\",\"type\":\"date\"},{\"fieldLabel\":\"\\u5230\",\"name\":\"SUBMIT_TIME\",\"op\":\"<=\",\"format\":null,\"xtype\":\"datetimefield\",\"colspan\":1,\"advancedConfig\":\"\",\"type\":\"date\"},{\"fieldLabel\":\"\\u6240\\u5c5e\\u5546\\u5e97\",\"name\":\"SHOP_ID\",\"op\":\"=\",\"format\":null,\"xtype\":\"datasetcombobox\",\"colspan\":1,\"advancedConfig\":\"{\\ncontextLocation:\'basicDataSetContext\',\\ndataSetCode:\'SHOP_VIEW\',\\ndwrFunction:OrderDataSetControl.search,\\ncontainAllItem:false\\n}\",\"type\":\"string\"}]}}','',NULL,NULL);

insert into `SYSTEM` (`ID`, `NAME`, `CODE`, `ICON`, `LOGO`, `TITLEIMG`, `LAYOUT`, `URL`, `DESCRIPTION`, `PINYIN`) values('10001','管理系统','manager_system','','','','standard','','',NULL);
insert into `SYSTEM` (`ID`, `NAME`, `CODE`, `ICON`, `LOGO`, `TITLEIMG`, `LAYOUT`, `URL`, `DESCRIPTION`, `PINYIN`) values('10002','代理商管理系统','agent_manager_system','','','','standard','','',NULL);
insert into `SYSTEM` (`ID`, `NAME`, `CODE`, `ICON`, `LOGO`, `TITLEIMG`, `LAYOUT`, `URL`, `DESCRIPTION`, `PINYIN`) values('10003','权限系统','permission_system','','','','standard','','',NULL);

insert into `MENU` (`ID`, `NAME`, `CODE`, `ICON`, `URL`, `FUNCCLASS`, `FUNCDEFINE`, `PARENTID`, `SYSTEMID`, `ORDERINDEX`, `HIDDEN`, `DESCRIPTION`, `PINYIN`) values('10001','商店类型管理','shop_type_manager','','','bear.module.datasource.InfoManagerGridPanel','10001','-1','10001','0','0','',NULL);
insert into `MENU` (`ID`, `NAME`, `CODE`, `ICON`, `URL`, `FUNCCLASS`, `FUNCDEFINE`, `PARENTID`, `SYSTEMID`, `ORDERINDEX`, `HIDDEN`, `DESCRIPTION`, `PINYIN`) values('10002','代理商管理','agent_manager','','','bear.module.datasource.InfoManagerGridPanel','10002','-1','10001','1','0','',NULL);
insert into `MENU` (`ID`, `NAME`, `CODE`, `ICON`, `URL`, `FUNCCLASS`, `FUNCDEFINE`, `PARENTID`, `SYSTEMID`, `ORDERINDEX`, `HIDDEN`, `DESCRIPTION`, `PINYIN`) values('10003','商家管理','shop_manager','','','grid.herod.order.ShopInfoManagerGridPanel','10005','-1','10002','0','0','',NULL);
insert into `MENU` (`ID`, `NAME`, `CODE`, `ICON`, `URL`, `FUNCCLASS`, `FUNCDEFINE`, `PARENTID`, `SYSTEMID`, `ORDERINDEX`, `HIDDEN`, `DESCRIPTION`, `PINYIN`) values('10004','账户管理','user_manager','','','bear.module.permissioncontrol.permission.control.user.UserGrid','-1','-1','10003','0','0','',NULL);
insert into `MENU` (`ID`, `NAME`, `CODE`, `ICON`, `URL`, `FUNCCLASS`, `FUNCDEFINE`, `PARENTID`, `SYSTEMID`, `ORDERINDEX`, `HIDDEN`, `DESCRIPTION`, `PINYIN`) values('10005','角色管理','role_manager','','','bear.module.permissioncontrol.permission.control.role.RoleGrid','-1','-1','10003','1','0','',NULL);
insert into `MENU` (`ID`, `NAME`, `CODE`, `ICON`, `URL`, `FUNCCLASS`, `FUNCDEFINE`, `PARENTID`, `SYSTEMID`, `ORDERINDEX`, `HIDDEN`, `DESCRIPTION`, `PINYIN`) values('10006','权限管理','permission_manager','','','bear.module.permissioncontrol.permission.control.permission.PermissionGrid','-1','-1','10003','2','0','',NULL);
insert into `MENU` (`ID`, `NAME`, `CODE`, `ICON`, `URL`, `FUNCCLASS`, `FUNCDEFINE`, `PARENTID`, `SYSTEMID`, `ORDERINDEX`, `HIDDEN`, `DESCRIPTION`, `PINYIN`) values('10007','动作管理','action_manager','','','bear.module.permissioncontrol.permission.control.action.ActionGrid','-1','-1','10003','3','0','',NULL);
insert into `MENU` (`ID`, `NAME`, `CODE`, `ICON`, `URL`, `FUNCCLASS`, `FUNCDEFINE`, `PARENTID`, `SYSTEMID`, `ORDERINDEX`, `HIDDEN`, `DESCRIPTION`, `PINYIN`) values('10008','配送员管理','delivery_worker_manager','','','bear.module.datasource.InfoManagerGridPanel','10004','-1','10002','1','0','',NULL);
insert into `MENU` (`ID`, `NAME`, `CODE`, `ICON`, `URL`, `FUNCCLASS`, `FUNCDEFINE`, `PARENTID`, `SYSTEMID`, `ORDERINDEX`, `HIDDEN`, `DESCRIPTION`, `PINYIN`) values('10009','订单管理','order_manager','','','bear.module.datasource.InfoManagerGridPanel','10008','-1','10002','2','0','',NULL);

insert into `PERMISSIONS` (`ID`, `NAME`, `TYPE`, `CODE`, `DESCRIPTION`, `PINYIN`, `LOCATION`, `CONDITION_DEFINE`) values('10001','SystemPermission10001','SystemPermission','SystemPermission:VIEW:10002',NULL,NULL,NULL,NULL);
insert into `PERMISSIONS` (`ID`, `NAME`, `TYPE`, `CODE`, `DESCRIPTION`, `PINYIN`, `LOCATION`, `CONDITION_DEFINE`) values('10002','MenuPermission10001','MenuPermission','MenuPermission:VIEW:10003,10008,10009',NULL,NULL,NULL,NULL);
insert into `PERMISSIONS` (`ID`, `NAME`, `TYPE`, `CODE`, `DESCRIPTION`, `PINYIN`, `LOCATION`, `CONDITION_DEFINE`) values('10003','商店视图查看权限','simpleDefine','SHOP_VIEW:VIEW',NULL,NULL,NULL,NULL);
insert into `PERMISSIONS` (`ID`, `NAME`, `TYPE`, `CODE`, `DESCRIPTION`, `PINYIN`, `LOCATION`, `CONDITION_DEFINE`) values('10004','配送人员查看权限','simpleDefine','ZRH_AGENT_DELIVERY_WORKER:VIEW',NULL,NULL,NULL,NULL);
insert into `PERMISSIONS` (`ID`, `NAME`, `TYPE`, `CODE`, `DESCRIPTION`, `PINYIN`, `LOCATION`, `CONDITION_DEFINE`) values('10005','店铺类型查看权限','simpleDefine','SHOP_TYPE_VIEW:VIEW',NULL,NULL,NULL,NULL);
insert into `PERMISSIONS` (`ID`, `NAME`, `TYPE`, `CODE`, `DESCRIPTION`, `PINYIN`, `LOCATION`, `CONDITION_DEFINE`) values('10006','商品分类查看权限','simpleDefine','ZRH_GOODS_CATEGORY:VIEW',NULL,NULL,NULL,NULL);
insert into `PERMISSIONS` (`ID`, `NAME`, `TYPE`, `CODE`, `DESCRIPTION`, `PINYIN`, `LOCATION`, `CONDITION_DEFINE`) values('10007','商品查看权限','simpleDefine','ZRH_GOODS:VIEW',NULL,NULL,NULL,NULL);
insert into `PERMISSIONS` (`ID`, `NAME`, `TYPE`, `CODE`, `DESCRIPTION`, `PINYIN`, `LOCATION`, `CONDITION_DEFINE`) values('10008','订单查看权限','simpleDefine','AGENT_ORDER_MANGER_LIST_VIEW:VIEW',NULL,NULL,NULL,NULL);

insert into `ROLES` (`ID`, `NAME`, `ISDEFAULTROLE`, `PINYIN`) values('10001','代理商','',NULL);

insert into `ROLES_PERMISSIONS` (`PERMISSIONID`, `ROLEID`) values('10001','10001');
insert into `ROLES_PERMISSIONS` (`PERMISSIONID`, `ROLEID`) values('10002','10001');
insert into `ROLES_PERMISSIONS` (`PERMISSIONID`, `ROLEID`) values('10003','10001');
insert into `ROLES_PERMISSIONS` (`PERMISSIONID`, `ROLEID`) values('10004','10001');
insert into `ROLES_PERMISSIONS` (`PERMISSIONID`, `ROLEID`) values('10005','10001');
insert into `ROLES_PERMISSIONS` (`PERMISSIONID`, `ROLEID`) values('10006','10001');
insert into `ROLES_PERMISSIONS` (`PERMISSIONID`, `ROLEID`) values('10007','10001');
insert into `ROLES_PERMISSIONS` (`PERMISSIONID`, `ROLEID`) values('10008','10001');