ALTER TABLE `users` ADD COLUMN  USER_TYPE varchar(255) DEFAULT 'Admin';

delete from `USERS_ROLES`;
delete from `USERS`;

insert  into `USERS`(`ID`,`NAME`,`PASSWORD`,`CREATETIME`,`PINYIN`,`USER_TYPE`) values (10000,'root','E10ADC3949BA59ABBE56E057F20F883E','2011-11-11 11:11:11',NULL,'Admin'),(10001,'bj_agent','E10ADC3949BA59ABBE56E057F20F883E','2013-06-13 14:49:21',NULL,'AgentAdmin'),(10002,'zlf','E10ADC3949BA59ABBE56E057F20F883E','2013-06-15 10:52:21',NULL,'AgentAdmin'),(10003,'xzj','E10ADC3949BA59ABBE56E057F20F883E','2013-06-15 10:54:25',NULL,'AgentAdmin');

insert  into `USERS_ROLES`(`ROLEID`,`USERID`) values (10000,10000),(10001,10001),(10001,10002),(10001,10003);

insert  into `ZRH_AGENT`(`ID`,`NAME`,`LEGAL_REPRESENTATIVE`,`LINKMAN`,`CONTACT_NUMBER`,`CONTACT_ADDRESS`,`BANK_NAME`,`BANK_ACCOUNT`,`ORGANIZATION_CODE`,`BUSINESS_LICENSE`,`ADMIN_ACCOUNT`,`PINYIN`,`TIMESTAMP`) values (1,'超级代理商','熊志军','熊志军','110','杭州聚光科技301','中国人民银行','658320003842849274','2184754839','/OrderImages/51a4e54164e0411883dd365671a974cb.png','xzj','cjdls',NULL),(2,'滨江代理商','张兰芳','张兰芳','15890823989','华润万家滨文路分店','中国银行杭州滨文路分行','6204726498474398239','34045828435','','zlf','bjdls',NULL);

insert  into `ZRH_AGENT_DELIVERY_WORKER`(`ID`,`NAME`,`PHONE`,`PASSWORD`,`AGENT_ID`,`FLAG`,`PINYIN`,`ID_NUMBER`,`TIMESTAMP`) values (1,'张三','15990196179','123456',1,1,'zs','4200000000','2013-09-06 10:12:45'),(2,'李四','110','1',1,1,'ls','1','2013-09-06 10:12:41');

insert  into `ZRH_SHOP_TYPE`(`ID`,`NAME`,`IMAGE_URL`,`PINYIN`,`COMMENT`,`SORT`,`TIMESTAMP`) values (1,'餐饮外卖','/OrderImages/4d0ff89197c04437854705552e7cde18.jpg','cywm','',1,'2013-09-04 16:23:02'),(2,'便利店','','bld','便利店',1,'2013-09-04 15:04:38'),(3,'礼物派送','','lwps','礼物派送',1,'2013-09-04 15:04:38'),(4,'果蔬生鲜','','gssx','',1,'2013-09-04 15:04:38'),(5,'代驾打车','','djdc','',1,'2013-09-04 15:04:38'),(6,'帮你跑腿','','bnpt','',1,'2013-09-04 15:04:38');

insert  into `ZRH_SHOP`(`ID`,`NAME`,`SHOP_TYPE_ID`,`AGENT_ID`,`ADDRESS`,`CONTACT_NUMBER`,`LONGITUDE`,`LATITUDE`,`SERVICE_RADIUS`,`IMAGE_URL`,`BANK_NAME`,`BANK_ACCOUNT`,`ORGANIZATION_CODE`,`BUSINESS_LICENSE`,`PINYIN`,`LINKMAN`,`COMMENT`,`COST_OF_RUN_ERRANDS`,`MIN_CHARGE_FOR_FREE_DELIVERY`,`SORT`,`TIMESTAMP`,`SERVICE_TIMES`) values (7,'外婆家',1,1,'滨安路','18324235223',120.204822,30.194775,2,'/OrderImages/a2f628b703204055af647589efea0a75.jpg','123','123','001','','wpj','葛健','',4,40,3,'2013-09-11 14:10:19','[{start:\'08:00\',end:\'12:00\'},{start:\'13:00\',end:\'18:00\'}]'),(9,'日出茶太濱江西環店',1,1,'西環路浦沿街道聯莊一區65號-2','15685327564',120.207354,30.19727,2,'/OrderImages/7de83b70de1c4e92ade9e135ca402b0a.jpg','','','6574342323','','rcctbjxhd','赵亮','',3,40,2,'2013-09-04 15:04:41','[{start:\'10:00\',end:\'10:38\'},{start:\'13:00\',end:\'20:00\'}]'),(10,'九佰碗大关店',1,1,'上塘路582号','15433645745',120.202467,30.190246,3,'/OrderImages/66fad131924540d99984bcee222a60e5.jpg','','','35253252','','jbwdgd','冯建','',5,50,1,'2013-09-04 15:04:41','[{start:\'08:00\',end:\'12:00\'},{start:\'13:00\',end:\'18:00\'}]');

insert  into `ZRH_GOODS_CATEGORY`(`ID`,`NAME`,`ALIAS`,`SHOP_ID`,`PINYIN`,`AGENT_ID`,`SORT`,`TIMESTAMP`) values (3,'冷菜','冷菜',7,'lc',1,1,'2013-09-04 16:23:02'),(4,'日出新鲜特调','日出新鲜特调',9,'rcxxtd',1,1,'2013-09-04 15:04:53'),(5,'日出鲜活健康','日出鲜活健康',9,'rcxhjk',1,1,'2013-09-04 15:04:53'),(6,'日出可可','',9,'rckk',1,1,'2013-09-04 15:04:53'),(7,'日出香醇奶茶','日出香醇奶茶',9,'rcxcnc',1,1,'2013-09-04 15:04:53'),(8,'慕斯系列','慕斯系列',9,'msxl',1,1,'2013-09-04 15:04:53'),(9,'日出口感','日出口感',9,'rckg',1,1,'2013-09-04 15:04:53'),(10,'日出鲜萃茶','日出鲜萃茶',9,'rcxcc',1,1,'2013-09-04 15:04:53'),(11,'热菜','热菜',7,'rc',1,1,'2013-09-04 15:04:53'),(12,'主食','主食',7,'zs',1,1,'2013-09-04 15:04:53'),(13,'甜点','甜点',7,'td',1,1,'2013-09-04 15:04:53'),(14,'特色菜','',7,'tsc',1,1,'2013-09-04 15:04:53'),(15,'老汤面·米线','老汤面·米线',10,'ltmmx',1,1,'2013-09-04 15:04:53'),(16,'铁板饭','铁板饭',10,'tbf',1,1,'2013-09-04 15:04:53'),(17,'石锅饭','石锅饭',10,'sgf',1,1,'2013-09-04 15:04:53');

insert  into `ZRH_GOODS`(`ID`,`NAME`,`CODE`,`ALIAS`,`SUPPLY_PRICE`,`SELLING_PRICE`,`UNIT`,`COMMENT`,`LARGE_IMAGE`,`THUMBNAIL`,`CATEGORY_ID`,`SHOP_ID`,`AGENT_ID`,`PINYIN`,`SORT`,`TIMESTAMP`) values (3,'香拌木耳','wp01','香拌木耳',4,5,'份','','/OrderImages/6b8922b31e4e4471997607f818c70579.jpg','/OrderImages/bf7e520e9eb94d428888c6e702d23215.jpg',3,7,1,'xbme',5,'2013-09-04 16:23:54'),(4,'日出茶太濱江西環店','rc01','优格绿茶',4,5,'杯','','/OrderImages/cc4f79d5f5ad40d1aba44fbe969f0a84.jpg','/OrderImages/df2392ef01d547638a7f8f0550936949.jpg',NULL,9,1,'rcctbjxhd',1,'2013-09-04 15:04:48'),(5,'日出茶太濱江西環店','rc01','优格绿茶',4,5,'杯','','','/OrderImages/df2392ef01d547638a7f8f0550936949.jpg',4,9,1,'rcctbjxhd',1,'2013-09-04 15:04:48'),(6,'葡萄柚绿茶','rc02','葡萄柚绿茶',4,5,'杯','','/OrderImages/56da6da79917456dac0f072a9c423040.jpg','/OrderImages/5f142fd4b6f843189c809d054b5a08da.jpg',4,9,1,'ptylc',1,'2013-09-04 15:04:48'),(7,'鲜柠冬瓜','rc03','鲜柠冬瓜',8,9,'杯','','/OrderImages/76edfb13cea14ea29086d39436be1c07.jpg','/OrderImages/413b6fae5b144cf1bd530507d9eabcbc.jpg',5,9,1,'xndg',1,'2013-09-04 15:04:48'),(8,'金桔柠檬汁','rc04','金桔柠檬汁',7,8,'杯','','/OrderImages/748e66f68cf945e08d20a293ebcd58b1.jpg','/OrderImages/52b2f69c995d49d4b0bd9d553d48d843.jpg',5,9,1,'jjnmz',1,'2013-09-04 15:04:48'),(10,'浓郁可可','rc05','浓郁可可',8,9,'杯','','','/OrderImages/52b2f69c995d49d4b0bd9d553d48d843.jpg',6,9,1,'nykk',1,'2013-09-04 15:04:48'),(11,'仙草冻鲜奶茶','rc06','仙草冻鲜奶茶',8,9,'杯','','/OrderImages/65d7df38e688421db770fe859b6f6973.jpg','/OrderImages/eeac0b9b747d4ba98659222a742c69c9.jpg',7,9,1,'xcdxnc',1,'2013-09-04 15:04:48'),(12,'茉香鲜奶茶','rc07','茉香鲜奶茶',9,10,'杯','','/OrderImages/e9e88d728b0b469f9769d5a80b1a17c2.jpg','/OrderImages/27fbb9b52e75415da57ccd264cd109ba.jpg',7,9,1,'mxxnc',1,'2013-09-04 15:04:48'),(13,'茉香慕斯','rc08','茉香慕斯',8,9,'杯','','/OrderImages/33272f30f9ac4867b6d65d34f9dbe1b6.jpg','/OrderImages/a9591d1f7e64495e9ea9cc2adc75fe46.jpg',8,9,1,'mxms',1,'2013-09-04 15:04:48'),(14,'抹茶慕斯','rc09','抹茶慕斯',7,8,'杯','','/OrderImages/f5955605f7744eb3bdbc6ed2f4744565.jpg','/OrderImages/32a7ec94a5644268af1a790c6377ebc2.jpg',8,9,1,'mcms',1,'2013-09-04 15:04:48'),(15,'芒果QQ','rc11','芒果QQ',8,9,'杯','','/OrderImages/ab5376eef176416cb3ccae28393f8c8a.jpg','/OrderImages/76736d1fe2df4edfa45ede7d5a3a470a.jpg',9,9,1,'mg',1,'2013-09-04 15:04:48'),(16,'碳焙冬瓜茶','rc12','碳焙冬瓜茶',6,8,'杯','','/OrderImages/8b54c3ac56b84444ad04ca83b091d7d7.jpg','/OrderImages/3524496050b543ed95d62e26ccee1601.jpg',10,9,1,'tbdgc',1,'2013-09-04 15:04:48'),(17,'外婆酱萝卜','wp02','外婆酱萝卜',8,9,'份','','/OrderImages/2105d26365494d088bf2eac3e83f0a1d.jpg','/OrderImages/bf7e520e9eb94d428888c6e702d23215.jpg',3,7,1,'wpjlb',5,'2013-09-04 16:16:48'),(18,'爽口海带结','wp03','爽口海带结',8,9,'份','','/OrderImages/80c1d8b7ed0048ad8a01610d66d5f1e6.jpg','/OrderImages/46d48cf36fd541518bad7a9ab3f22da0.jpg',3,7,1,'skhdj',2,'2013-09-04 16:17:14'),(19,'手拍黄瓜','wp04','手拍黄瓜',10,12,'份','','/OrderImages/2ddbc044173d45a680d97d5d1495acab.jpg','/OrderImages/d32c20bc41aa4771b1b9183d9307ba2a.jpg',3,7,1,'sphg',1,'2013-09-04 16:16:01'),(20,'有机花菜','wp05','有机花菜',15,20,'份','','/OrderImages/3a31e52d7aeb46428bc603413528427e.jpg','/OrderImages/ef5b638e88544d86a8fd17610b4ed81c.jpg',11,7,1,'yjhc',1,'2013-09-04 15:04:48'),(21,'野笋炒时件','wp06','野笋炒时件',23,28,'份','','/OrderImages/5235974464ad42218dade7711ac753ac.jpg','/OrderImages/d13721588eb246bfa8a25f363a81393a.jpg',11,7,1,'yscsj',1,'2013-09-04 15:04:48'),(22,'想吃土豆','wp07','想吃土豆',15,20,'份','','/OrderImages/d2f025c9c5224f40bd19596feabe588f.jpg','/OrderImages/0fe010007c294e88b2f80ced322860dc.jpg',11,7,1,'xctd',1,'2013-09-04 15:04:48'),(23,'糖醋里脊','wp08','糖醋里脊',22,27,'份','','/OrderImages/bba6c59b73c34880927bd221c8b48152.jpg','/OrderImages/0345313f6829450cb3c5406e7f99abf0.jpg',11,7,1,'tclj',1,'2013-09-04 15:04:48'),(24,'青菜钵钵','wp09','青菜钵钵',15,20,'份','','/OrderImages/58e5fecdb59b4b4a8cae17787f7fb4e5.jpg','/OrderImages/19bde5dea40a4bf298a3274a37e23cf7.jpg',11,7,1,'qcbb',1,'2013-09-04 15:04:48'),(25,'培根高丽菜','wp10','培根高丽菜',28,32,'份','','/OrderImages/878ac0687ea846c69e11cbeb9174adaf.jpg','/OrderImages/87145555740e4819898887d09de97906.jpg',11,7,1,'pgglc',1,'2013-09-04 15:04:48'),(26,'酱椒臭豆腐','wp11','酱椒臭豆腐',20,26,'份','','/OrderImages/e2ee459743aa4ce5b8778c11ee0b1131.jpg','/OrderImages/3029ffefac2341aabfcb996bc134a119.jpg',11,7,1,'jjcdf',1,'2013-09-04 15:04:48'),(27,'米饭','wp12','米饭',1,2,'份','','/OrderImages/28d0af4b77724fe5aff4a1b7f5c69fb2.jpg','/OrderImages/06564999cdf14bf3b31631a3f4710f18.jpg',12,7,1,'mf',1,'2013-09-04 15:04:48'),(28,'面条','wp13','面条',15,24,'份','','/OrderImages/4b90c49c1b1147d9bb9d7a03df839600.jpg','/OrderImages/9f434e1495154d1bb7b2033dfe10c78e.jpg',12,7,1,'mt',1,'2013-09-04 15:04:48'),(29,'圣代杯','wp14','',15,18,'杯','','/OrderImages/a2c61fd4f8f14c05aef2cdfcccef4009.jpg','/OrderImages/8efd90d8594b4822bc9bbde213767d7b.jpg',13,7,1,'sdb',1,'2013-09-04 15:04:48'),(30,'土豆小人饼','wp15','',3,4,'个','','/OrderImages/e6e69e10e12c4ef2b70f12a35a91d02f.jpg','/OrderImages/6866048f8d2b458bb99914a5d09fe8fb.jpg',13,7,1,'tdxrb',1,'2013-09-04 15:04:48'),(31,'芒果布丁','wp16','',15,18,'份','','/OrderImages/c4edb538ebfb4a64b03b29423fce9b82.jpg','/OrderImages/e216cd91eff94fe7a16c62f475bfb42d.jpg',13,7,1,'mgbd',1,'2013-09-04 15:04:48'),(32,'水果拼盘','wp16','',20,25,'份','','/OrderImages/961c4fe9397a4abbba64512ced88d6c8.jpg','/OrderImages/cdc21c209d1d4ef9a0f3505c8b1553ca.jpg',13,7,1,'sgpp',1,'2013-09-04 15:04:48'),(33,'花椒四季豆','wp20','花椒四季豆',16,20,'份','','/OrderImages/85080ae6200c45afa66e5bfefff1867d.jpg','/OrderImages/cfef973539a242068105eef9abbaa4aa.jpg',14,7,1,'hjsjd',1,'2013-09-04 15:04:48'),(34,'干炸响铃','wp21','干炸响铃',14,20,'份','','/OrderImages/2641a39155334908a7e1193c2ef6ed35.jpg','/OrderImages/16eb591f284d421d83f30ad2ef08ef93.jpg',14,7,1,'gzxl',1,'2013-09-04 15:04:48'),(35,'葱油小白菜','wp22','葱油小白菜',13,19,'份','','/OrderImages/93cd3a06cf474e829a3d45e78a17a423.jpg','/OrderImages/60c8af4b47924db7bf91228142fff924.jpg',14,7,1,'cyxbc',1,'2013-09-04 15:04:48'),(36,'葱爆木耳','wp23','葱爆木耳',16,20,'份','','/OrderImages/42432ba61ba043349f883ad2de9732d4.jpg','/OrderImages/042eafec74ef410094555434bc8fda1e.jpg',14,7,1,'cbme',1,'2013-09-04 15:04:48'),(37,'招牌牛肉面','jbw01','招牌牛肉面',15,18,'份','','/OrderImages/c86d2ddae32647b1b5e9e059ab75d699.jpg','/OrderImages/26f01b3993b74302bdb1aa58a9b479cf.jpg',15,10,1,'zpnrm',1,'2013-09-04 15:04:48'),(38,'牛肉酱丁拌面','jbw02','牛肉酱丁拌面',14,16,'份','','/OrderImages/839a46f486224abb828315293690aa06.jpg','/OrderImages/2465f00e70d94250b170307641957f0c.jpg',15,10,1,'nrjdbm',1,'2013-09-04 15:04:48'),(39,'卤汁大排面','jbw03','卤汁大排面',15,17,'份','','/OrderImages/e82e93ce70ea44798cdfeb9c4b03a254.jpg','/OrderImages/5e981796b4cd4a6e9e5cfe29245ab00c.jpg',15,10,1,'lzdpm',1,'2013-09-04 15:04:48'),(40,'老汤牛腱面','jbw04','老汤牛腱面',16,22,'份','','/OrderImages/392aae89a67040b59876ef220286d3d2.jpg','/OrderImages/ae93d9231f984e27966bfef8ca8b66e2.jpg',15,10,1,'ltnjm',1,'2013-09-04 15:04:48'),(41,'八珍老汤面','jbw5','八珍老汤面',15,18,'份','','/OrderImages/196059c42bc542708c67adf887f75d75.jpg','/OrderImages/6313ca8edecb4115a62d415453dd632c.jpg',15,10,1,'bzltm',1,'2013-09-04 15:04:48'),(42,'八珍老汤米线','jbw06','八珍老汤米线',20,25,'份','','/OrderImages/3d1dfe07158b404baa718898b16fef26.jpg','/OrderImages/82b80d27948f4b228f896fc07bffb21c.jpg',15,10,1,'bzltmx',1,'2013-09-04 15:04:48'),(43,'鱼香肉丁铁板饭','jbw07','鱼香肉丁铁板饭',20,28,'份','','/OrderImages/8cb5503c960e448a9f40d851afb1dc83.jpg','/OrderImages/c4eaab281a104dfe9ddbf23288ad9cf0.jpg',16,10,1,'yxrdtbf',1,'2013-09-04 15:04:48'),(44,'牛肉酱丁铁板饭','jbw09','牛肉酱丁铁板饭',19,22,'份','','/OrderImages/226bfc94fc91471f90826d230697caf7.jpg','/OrderImages/438f94f59ca746518831b04c11b1c64b.jpg',16,10,1,'nrjdtbf',1,'2013-09-04 15:04:48'),(45,'咖喱牛肉石锅饭','jbw09','咖喱牛肉石锅饭',15,17,'份','','/OrderImages/feb9f274d94441bf8e5215fce29b2fc4.jpg','/OrderImages/44696860f4ef40209395a0a76408105e.jpg',17,10,1,'klnrsgf',1,'2013-09-04 15:04:48');

